version_id,post_id,type,update_at,content_path,published_status,is_featured,metadata
11,49,post,2023-11-06 03:06:57.035,https://picsum.photos/seed/H7NegHuPvF/640/480,f,t,
12,41,post,2023-11-06 03:06:57.163,https://picsum.photos/seed/SNqdXkxBH/640/480,f,f,
13,42,post,2023-11-06 03:06:57.29,https://loremflickr.com/640/480?lock=2723462718160896,f,f,
14,41,post,2023-11-06 03:06:57.418,https://picsum.photos/seed/fkinox/640/480,t,f,
15,42,post,2023-11-06 03:06:57.549,https://picsum.photos/seed/UkvK5/640/480,t,t,
16,48,post,2023-11-06 03:06:57.679,https://picsum.photos/seed/pgC3JL/640/480,t,f,
17,47,post,2023-11-06 03:06:57.807,https://picsum.photos/seed/mQIXUHN8/640/480,t,t,
18,47,post,2023-11-06 03:06:57.936,https://loremflickr.com/640/480?lock=5927173747638272,f,f,
19,44,post,2023-11-06 03:06:58.062,https://loremflickr.com/640/480?lock=7423678797053952,f,f,
20,42,post,2023-11-06 03:06:58.19,https://picsum.photos/seed/NE5ejQDiMQ/640/480,f,f,
